{
    "mean":0.2638849280538541,
    "std":0.14606203031936027
}