{
    "mean":0.26352556666782484,
    "std":0.16070432317007566
}